screen_time_group,average_data_usage,user_count
0-3 hours,285.21153846153845,208
3-6 hours,708.7567567567568,222
6-9 hours,1386.814371257485,167
9-12 hours,1966.5436893203882,103
