education,average_income
10th,0.06645230439442658
11th,0.05106382978723404
12th,0.07621247113163972
1st-4th,0.03571428571428571
5th-6th,0.04804804804804805
7th-8th,0.06191950464396285
9th,0.05252918287937743
Assoc-acdm,0.24835988753514526
Assoc-voc,0.26121562952243127
Bachelors,0.4147525676937442
Doctorate,0.7409200968523002
HS-grad,0.15950861822683554
Masters,0.5565873476494486
Preschool,0.0
Prof-school,0.734375
Some-college,0.19023453572898094
