hours_category,avg_income
0,0.0982532751091703
10,0.05778491171749599
20,0.06396321070234114
30,0.1276247613853286
40,0.23576570680628273
50,0.4457054423523343
60,0.43207126948775054
70,0.3482142857142857
80,0.3910891089108911
90,0.2949640287769784
