age_group,average_data_usage
30,945.7134146341464
10,934.2173913043479
50,931.4367816091954
20,920.9166666666666
40,920.7610062893082
