age_group,average_screen_time
50,5.350574712643676
30,5.278048780487804
40,5.266037735849055
20,5.2200000000000015
10,5.104347826086956
